SentimentLabel,AverageLikes,AverageRetweets,AverageEngagement
Negative,75.6842105263158,21.157894736842106,96.84210526315789
Neutral,69.66666666666667,27.77777777777778,97.44444444444444
Positive,73.31818181818181,26.954545454545453,100.27272727272727
