AgeGroup,AverageLikes,AverageRetweets,AverageEngagement,TotalEngagement
Adult,58.6,24.1,82.7,827
Senior,73.89473684210526,26.403508771929825,100.29824561403508,5717
Teen,77.51515151515152,22.545454545454547,100.06060606060606,3302
